#,Overall,Points,Value
1,Jahmyr Gibbs (DET - RB),147,$147
2,Puka Nacua (LAR - WR)DTD,147,$147
3,Bijan Robinson (ATL - RB),144,$144
4,Ja'Marr Chase (CIN - WR),142,$142
5,Jaxon Smith-Njigba (SEA - WR),137,$137
6,Amon-Ra St. Brown (DET - WR),131,$131
7,Christian McCaffrey (SF - RB)DTD,121,$121
8,Jonathan Taylor (IND - RB),117,$117
9,Drake London (ATL - WR),112,$112
10,Derrick Henry (BAL - RB),101,$101
11,CeeDee Lamb (DAL - WR),101,$101
12,Rashee Rice (KC - WR),101,$101
13,Justin Jefferson (MIN - WR),100,$100
14,De'Von Achane (MIA - RB),98,$98
15,James Cook III (BUF - RB),95,$95
16,Ashton Jeanty (LV - RB),91,$91
17,Chase Brown (CIN - RB),90,$90
18,A.J. Brown (NE - WR),90,$90
19,George Pickens (DAL - WR),90,$90
20,Chris Olave (NO - WR),90,$90
21,Saquon Barkley (PHI - RB),88,$88
22,Nico Collins (HOU - WR),87,$87
23,Kenneth Walker III (KC - RB),83,$83
24,Zay Flowers (BAL - WR)DTD,83,$83
25,Trey McBride (ARI - TE),81,$81
26,Josh Allen (BUF - QB),80,$80
27,Josh Jacobs (GB - RB)DTD,80,$80
28,Breece Hall (NYJ - RB),80,$80
29,Malik Nabers (NYG - WR)DTD,80,$80
30,Omarion Hampton (LAC - RB),79,$79
31,Jeremiyah Love (ARI - RB),78,$78
32,Brock Bowers (LV - TE),78,$78
33,Garrett Wilson (NYJ - WR),76,$76
34,Kyren Williams (LAR - RB),75,$75
35,DeVonta Smith (PHI - WR)DTD,75,$75
36,Tetairoa McMillan (CAR - WR),75,$75
37,Cam Skattebo (NYG - RB),74,$74
38,Emeka Egbuka (TB - WR)DTD,74,$74
39,Javonte Williams (DAL - RB),72,$72
40,Davante Adams (LAR - WR),71,$71
41,Tee Higgins (CIN - WR),70,$70
42,Jameson Williams (DET - WR),69,$69
43,Travis Etienne Jr. (NO - RB),67,$67
44,D'Andre Swift (CHI - RB),65,$65
45,Ladd McConkey (LAC - WR),65,$65
46,Rome Odunze (CHI - WR),65,$65
47,Bucky Irving (TB - RB),63,$63
48,Terry McLaurin (WAS - WR),61,$61
49,Quinshon Judkins (CLE - RB),60,$60
50,Alec Pierce (IND - WR)PUP,60,$60
51,DJ Moore (BUF - WR),60,$60
52,Jaylen Waddle (DEN - WR)DTD,59,$59
53,Luther Burden III (CHI - WR)DTD,58,$58
54,Mike Evans (SF - WR)DTD,57,$57
55,Colston Loveland (CHI - TE),57,$57
56,Bhayshul Tuten (JAC - RB),56,$56
57,Christian Watson (GB - WR),54,$54
58,Courtland Sutton (DEN - WR),53,$53
59,Marvin Harrison Jr. (ARI - WR),52,$52
60,DK Metcalf (PIT - WR)DTD,51,$51
61,David Montgomery (HOU - RB),49,$49
62,TreVeyon Henderson (NE - RB),47,$47
63,Tyler Warren (IND - TE),47,$47
64,Tony Pollard (TEN - RB),45,$45
65,Jadarian Price (SEA - RB),45,$45
66,Jaylen Warren (PIT - RB),45,$45
67,Lamar Jackson (BAL - QB),44,$44
68,Drake Maye (NE - QB),43,$43
69,Parker Washington (JAC - WR),43,$43
70,Kyle Pitts Sr. (ATL - TE),43,$43
71,Jayden Daniels (WAS - QB),42,$42
72,Brian Thomas Jr. (JAC - WR),42,$42
73,Jalen Hurts (PHI - QB),41,$41
74,Michael Pittman Jr. (PIT - WR)DTD,41,$41
75,Carnell Tate (TEN - WR),39,$39
76,Harold Fannin Jr. (CLE - TE),39,$39
77,Rico Dowdle (PIT - RB),38,$38
78,Rhamondre Stevenson (NE - RB),38,$38
79,Chuba Hubbard (CAR - RB)DTD,38,$38
80,J.K. Dobbins (DEN - RB)DTD,37,$37
81,Sam LaPorta (DET - TE),37,$37
82,Jayden Reed (GB - WR),36,$36
83,Jakobi Meyers (JAC - WR),36,$36
84,Deebo Samuel Sr. (SF - WR),36,$36
85,Quentin Johnston (LAC - WR),35,$35
86,Michael Wilson (ARI - WR),35,$35
87,Dallas Goedert (PHI - TE),35,$35
88,RJ Harvey (DEN - RB),34,$34
89,Chris Godwin Jr. (TB - WR),34,$34
90,Jordan Addison (MIN - WR)DTD,34,$34
91,Tucker Kraft (GB - TE),34,$34
92,Joe Burrow (CIN - QB),33,$33
93,Jaxson Dart (NYG - QB),33,$33
94,Jordyn Tyson (NO - WR),33,$33
95,Wan'Dale Robinson (TEN - WR),33,$33
96,Travis Kelce (KC - TE),33,$33
97,Xavier Worthy (KC - WR)DTD,32,$32
98,Josh Downs (IND - WR)DTD,32,$32
99,Brock Purdy (SF - QB),31,$31
100,Rachaad White (WAS - RB),31,$31
101,Matthew Golden (GB - WR),31,$31
102,George Kittle (SF - TE)PUP,31,$31
103,Dak Prescott (DAL - QB),30,$30
104,Trevor Lawrence (JAC - QB),30,$30
105,Kyle Monangai (CHI - RB),30,$30
106,Aaron Jones Sr. (MIN - RB),30,$30
107,Kenny Gainwell (TB - RB),29,$29
108,Patrick Mahomes II (KC - QB)DTD,28,$28
109,Caleb Williams (CHI - QB),28,$28
110,KC Concepcion (CLE - WR),28,$28
111,Stefon Diggs (WAS - WR),28,$28
112,Rashid Shaheed (SEA - WR),28,$28
113,Romeo Doubs (NE - WR),28,$28
114,Jacory Croskey-Merritt (WAS - RB),27,$27
115,Jonathon Brooks (CAR - RB),27,$27
116,Khalil Shakir (BUF - WR),27,$27
117,Makai Lemon (PHI - WR)DTD,26,$26
118,Calvin Ridley (TEN - WR),26,$26
119,Justin Herbert (LAC - QB),25,$25
120,Blake Corum (LAR - RB),25,$25
121,Jalen Coker (CAR - WR),25,$25
122,Bo Nix (DEN - QB),24,$24
123,Jordan Mason (MIN - RB),24,$24
124,Isaiah Likely (NYG - TE),24,$24
125,Mark Andrews (BAL - TE),23,$23
126,Rashod Bateman (BAL - WR),22,$22
127,Dalton Kincaid (BUF - TE),22,$22
128,Matthew Stafford (LAR - QB),21,$21
129,Jayden Higgins (HOU - WR),21,$21
130,Denzel Boston (CLE - WR),21,$21
131,Jake Ferguson (DAL - TE),21,$21
132,Jerry Jeudy (CLE - WR),20,$20
133,De'Zhaun Stribling (SF - WR),20,$20
134,Tre Tucker (LV - WR),20,$20
135,Tank Dell (HOU - WR)DTD,19,$19
136,Alvin Kamara (NO - RB),17,$17
137,Tyjae Spears (TEN - RB)DTD,17,$17
138,Zach Charbonnet (SEA - RB)PUP,17,$17
139,Jared Goff (DET - QB),16,$16
140,Woody Marks (HOU - RB),16,$16
141,Jalen McMillan (TB - WR)DTD,16,$16
142,Jauan Jennings (MIN - WR),16,$16
143,Tyler Shough (NO - QB),15,$15
144,Jalen Nailor (LV - WR),15,$15
145,Tyrone Tracy Jr. (NYG - RB),14,$14
146,Isiah Pacheco (DET - RB)DTD,14,$14
147,Hunter Henry (NE - TE),14,$14
148,Baker Mayfield (TB - QB),13,$13
149,Juwan Johnson (NO - TE),13,$13
150,Brenton Strange (JAC - TE),13,$13
151,Kyler Murray (MIN - QB),12,$12
152,Justice Hill (BAL - RB),11,$11
153,Cooper Kupp (SEA - WR),11,$11
154,Daniel Jones (IND - QB),10,$10
155,Dalton Schultz (HOU - TE),10,$10
156,Chris Rodriguez Jr. (JAC - RB),9,$9
157,Dylan Sampson (CLE - RB),9,$9
158,Brian Robinson Jr. (ATL - RB),9,$9
159,AJ Dillon (CAR - RB),9,$9
160,Malik Willis (MIA - QB),8,$8
161,Samaje Perine (CIN - RB),8,$8
162,Tyler Allgeier (ARI - RB),8,$8
163,Ty Johnson (BUF - RB),8,$8
164,Jordan James (SF - RB)DTD,8,$8
165,Ja'Kobi Lane (BAL - WR),8,$8
166,Tank Bigsby (PHI - RB),7,$7
167,Braelon Allen (NYJ - RB),7,$7
168,Adonai Mitchell (NYJ - WR),7,$7
169,Jordan Love (GB - QB),6,$6
170,Keaton Mitchell (LAC - RB),6,$6
171,Mike Washington Jr. (LV - RB),6,$6
172,Emari Demercado (KC - RB),6,$6
173,Omar Cooper Jr. (NYJ - WR),6,$6
174,"Travis Hunter (JAC - WR,CB)",6,$6
175,T.J. Hockenson (MIN - TE),6,$6
176,Sam Darnold (SEA - QB),5,$5
177,MarShawn Lloyd (GB - RB),5,$5
178,Germie Bernard (PIT - WR),5,$5
179,Kayshon Boutte (NE - WR),5,$5
180,Bub Means (NO - WR),5,$5
181,Pat Freiermuth (PIT - TE),5,$5
182,Kaelon Black (SF - RB),4,$4
183,Antonio Williams (WAS - WR),4,$4
184,Darnell Mooney (NYG - WR),4,$4
185,Malik Washington (MIA - WR),4,$4
186,Greg Dulcich (MIA - TE),4,$4
187,C.J. Stroud (HOU - QB),3,$3
188,Malik Davis (DAL - RB),3,$3
189,Tyquan Thornton (KC - WR),3,$3
190,Kenyon Sadiq (NYJ - TE)DTD,3,$3
191,Houston Texans (HOU - DST),3,$3
192,Denver Broncos (DEN - DST),3,$3
193,Chris Brooks (GB - RB),2,$2
194,Adam Randall (BAL - RB),2,$2
195,Zachariah Branch (ATL - WR),2,$2
196,Tory Horton (SEA - WR),2,$2
197,Troy Franklin (DEN - WR),2,$2
198,Darius Slayton (NYG - WR),2,$2
199,Devaughn Vele (NO - WR),2,$2
200,Christian Kirk (SF - WR)DTD,2,$2
201,Minnesota Vikings (MIN - DST),2,$2
202,Pittsburgh Steelers (PIT - DST),2,$2
203,Seattle Seahawks (SEA - DST),2,$2
204,Los Angeles Chargers (LAC - DST),2,$2
205,Detroit Lions (DET - DST),2,$2
206,Los Angeles Rams (LAR - DST),2,$2
207,Buffalo Bills (BUF - DST),2,$2
208,Bryce Young (CAR - QB),1,$1
209,Kimani Vidal (LAC - RB),1,$1
210,James Conner (ARI - RB)DTD,1,$1
211,Xavier Legette (CAR - WR),1,$1
212,Dontayvion Wicks (PHI - WR),1,$1
213,Cade Otton (TB - TE),1,$1
214,AJ Barner (SEA - TE),1,$1
215,Philadelphia Eagles (PHI - DST),1,$1
216,Atlanta Falcons (ATL - DST),1,$1
217,Baltimore Ravens (BAL - DST),1,$1
218,Chicago Bears (CHI - DST),1,$1
219,Cleveland Browns (CLE - DST),1,$1
220,New Orleans Saints (NO - DST),1,$1
221,Jacksonville Jaguars (JAC - DST),1,$1
222,Brandon Aubrey (DAL - K),1,$1
223,Jason Myers (SEA - K),1,$1
224,Ka'imi Fairbairn (HOU - K),1,$1
225,Cameron Dicker (LAC - K),1,$1
226,Harrison Mevis (LAR - K),1,$1
227,Jake Bates (DET - K),1,$1
228,Cairo Santos (CHI - K),1,$1
229,Blake Grupe (IND - K),1,$1
230,Chase McLaughlin (TB - K),1,$1
231,Eddy Pineiro (SF - K),1,$1
232,Tyler Loop (BAL - K),1,$1
233,Harrison Butker (KC - K),1,$1
234,Cam Little (JAC - K),1,$1
235,Will Reichard (MIN - K),1,$1
236,Evan McPherson (CIN - K),1,$1
237,Nick Folk (ATL - K),1,$1
238,Wil Lutz (DEN - K),-1,$0
239,Trey Smack (GB - K),-1,$0
240,Chig Okonkwo (WAS - TE),-1,$0
241,Cincinnati Bengals (CIN - DST),-1,$0
242,New England Patriots (NE - DST),-1,$0
243,Terrance Ferguson (LAR - TE),-1,$0
244,Tampa Bay Buccaneers (TB - DST),-1,$0
245,Tennessee Titans (TEN - DST),-1,$0
246,Green Bay Packers (GB - DST),-1,$0
247,Ryan Flournoy (DAL - WR),-1,$0
248,Isaac TeSlaa (DET - WR),-1,$0
249,Tyler Bass (BUF - K),-2,$0
250,Charlie Smyth (NO - K),-2,$0
251,Oronde Gadsden II (LAC - TE),-2,$0
252,Washington Commanders (WAS - DST),-2,$0
253,Indianapolis Colts (IND - DST),-2,$0
254,Kansas City Chiefs (KC - DST),-2,$0
255,New York Giants (NYG - DST),-2,$0
256,Dallas Cowboys (DAL - DST),-2,$0
257,Miami Dolphins (MIA - DST),-2,$0
258,Las Vegas Raiders (LV - DST),-2,$0
259,Arizona Cardinals (ARI - DST),-2,$0
260,San Francisco 49ers (SF - DST),-2,$0
261,Carolina Panthers (CAR - DST),-2,$0
262,Tre' Harris (LAC - WR),-2,$0
263,Jalen Tolbert (MIA - WR),-2,$0
264,Caleb Douglas (MIA - WR),-2,$0
265,Chris Bell (MIA - WR),-2,$0
266,Hollywood Brown (PHI - WR),-2,$0
267,Emanuel Wilson (SEA - RB),-2,$0
268,Jaylen Wright (MIA - RB),-2,$0
269,Drew Stevens (WAS - K),-3,$0
270,Jake Elliott (PHI - K),-3,$0
271,Andy Borregales (NE - K),-3,$0
272,Chris Boswell (PIT - K),-3,$0
273,Jason Sanders (NYJ - K),-3,$0
274,New York Jets (NYJ - DST),-3,$0
275,Ted Hurst III (TB - WR),-3,$0
276,Ashton Dulin (IND - WR),-3,$0
277,Andrei Iosivas (CIN - WR),-3,$0
278,Jack Bech (LV - WR),-3,$0
279,Jawhar Jordan (HOU - RB),-3,$0
280,Kyle Juszczyk (SF - RB),-3,$0
281,Jaydon Blue (DAL - RB),-3,$0
282,Jake Moody (WAS - K),-4,$0
283,Riley Patterson (MIA - K),-4,$0
284,Joey Slye (TEN - K),-4,$0
285,Mike Gesicki (CIN - TE),-4,$0
286,Evan Engram (DEN - TE),-4,$0
287,Darren Waller (CAR - TE),-4,$0
288,Elic Ayomanor (TEN - WR),-4,$0
289,Chimere Dike (TEN - WR),-4,$0
290,Isaiah Davis (NYJ - RB),-4,$0
291,LeQuint Allen Jr. (JAC - RB),-4,$0
292,Chad Ryland (ARI - K),-5,$0
293,Gunnar Helm (TEN - TE),-5,$0
294,Jahan Dotson (ATL - WR),-5,$0
295,Jaylin Noel (HOU - WR),-5,$0
296,Pat Bryant (DEN - WR),-5,$0
297,Sean Tucker (TB - RB),-5,$0
298,Jonah Coleman (DEN - RB),-5,$0
299,Frank Gore Jr. (BUF - RB),-5,$0
300,Roschon Johnson (CHI - RB),-5,$0
301,Ollie Gordon II (MIA - RB),-5,$0
302,Ray Davis (BUF - RB),-5,$0
303,Emmett Johnson (KC - RB),-5,$0
304,DJ Giddens (IND - RB),-5,$0
305,Phil Mafah (DAL - RB),-5,$0
306,Ty Chandler (NO - RB),-5,$0
307,Geno Smith (NYJ - QB),-6,$0
308,Jacoby Brissett (ARI - QB),-6,$0
309,Savion Williams (GB - WR),-6,$0
310,Joshua Palmer (BUF - WR),-6,$0
311,Marvin Mims Jr. (DEN - WR),-6,$0
312,KaVontae Turpin (DAL - WR),-6,$0
313,Olamide Zaccheaus (ATL - WR),-6,$0
314,Austin Ekeler ( - RB),-6,$0
315,George Holani (SEA - RB),-6,$0
316,Brashard Smith (KC - RB),-6,$0
317,Cam Ward (TEN - QB),-7,$0
318,Zavion Thomas (CHI - WR),-7,$0
319,Elijah Mitchell ( - RB),-7,$0
320,Mason Taylor (NYJ - TE),-8,$0
321,Aaron Rodgers (PIT - QB),-9,$0
322,David Njoku (LAC - TE),-9,$0
323,Colby Parkinson (LAR - TE),-9,$0
324,Michael Mayer (LV - TE),-10,$0
325,Dawson Knox (BUF - TE),-11,$0
326,Theo Johnson (NYG - TE),-12,$0
327,Darnell Washington (PIT - TE),-13,$0
328,Tyler Higbee (LAR - TE),-13,$0
329,Cole Kmet (CHI - TE),-15,$0
330,Noah Fant (NO - TE),-15,$0
331,Fernando Mendoza (LV - QB),-16,$0
332,Tua Tagovailoa (ATL - QB),-23,$0
333,Deshaun Watson (CLE - QB),-30,$0
334,Shedeur Sanders (CLE - QB),-37,$0
